Mo;Tufd123;cacali;6644f33c7b40d
Tufd123;Mo;haha;6644f39b3e951
Mo;Tufd123;mielpop;6644f3b480d16
Mo;Tufd123;nn;66452077019b5
Mo;;nn;6645238ec29b3
Mo;;salut;664523d0cce87
Mo;Tufd123;hello;6645241496c9c
Mo;RachisMou;salut;6645241f0f28a
Tufd123;Mo;jj;6647c7db93607
ilyassGTA6;Tufd123;Salut tu vas bien ?;6649c53218968
ilyassGTA6;Tufd123;moi ca va;6649c5e1e6a70
ilyassGTA6;Tufd123;nn;6649c999a305f
ilyassGTA6;Tufd123;mm;6649c9ac61174
ilyassGTA6;Tufd123;bjr;6649c9bbb9008
ilyassGTA6;Tufd123;nn;6649cc5e1c3c1
ilyassGTA6;Tufd123;nn;6649cc7986dfd
Tufd123;ilyassGTA6;salut;6649cd36daa0c
Tufd123;ilyassGTA6;trql;6649ce9a917bd
Tufd123;Mo;mdr c ca hein;6649cec532ea1
Tufd123;Mo;tropppppppppppppppppppppppppppppppppppppppppppppppppppppppppppppppppppppppppppppppppppppppppppppppppp;6649cf13f1b53
Tufd123;Mo;tropppppppppppppppppppppppppppppppppppppppppppppppppppppppppppppppppppppppppppppppppppppppppppppppppppppppppppppppppppppppppppppppppppppppppppppppppppppppppppppppppppppppppppppppppppp;6649cf1daeacf
Tufd123;ilyassGTA6;salut ca vaaaaaaaaaaaaaaaaaaaaaaaaaaaaaaaaaaaaaaaaaaaaaaaaaaaaaaaaaaaaaaaa;6649cf8bc45f3
Tufd123;ilyassGTA6;saluuuuuuuuuuuuuuuuuuuuuuuuuuuuuuuuuuuuuuuuuuuuuuuuuuuuuuuuuuuuuuuuuuuuuuuuuuuuuuuuuuuuuuuuuuuuuuuuuuuuuuuuuuuuuuuuuuuuuuuuuuuuuuuuuuuuuuuuu;6649cff8683ab
Tufd123;ilyassGTA6;cc;6649d32ca0fe6
Mo;Tufd123;salut;6649dcaf19837
Mo;Tufd123;nn;6649dcb03969c
Mo;leXav;salut;664a6ce5246d1
leXav;Mo;coucou;664a6cfd0365e
Mo;Tufd123;mm;664b479cdc1bb
Mo;leXav;miam;664b47ccedcfb
Mo;leXav;mmmh;664b47d0a0117
Mo;leXav;fed;664b47d24c78d
Mo;leXav;mm;664b47d6b96a4
Mo;leXav;mmmmmmmmmmmmmmmmmmmmmmmmmmmmmmmmmmmmmmmmmmmmmmmmmmmmmmmmmmmmmmmmmmmmmmmmmmmmmmmmmmmmmmmmmmmmmmmmmmmmm;664b4813216f1
Nahuuu;Mo;bjt;664b4baef2504
Momolbarjo;Tufd123;bonjour;664b8277209fd
johnHihi;MalikSme;coucou bebe;664b966daf010
