Mo,leXav,../../data/profilePic/663c996033ed3_1-victory-square.jpg
Mo,Tufd123,../../data/profilePic/663c996033ed3_1-victory-square.jpg
Mo,Nahuuu,../../data/profilePic/663c996033ed3_1-victory-square.jpg
Nahuuu,Mo,../../data/profilePic/6627fd56a1bbd_gE0o5r.gif
Tufd123,leXav,../../data/profilePic/66379221b2cc0_gE0o5r.gif
Momolbarjo,Tufd123,../../data/profilePic/66257fee8d2a3_ericRamzy.gif
Momolbarjo,leXav,../../data/profilePic/66257fee8d2a3_ericRamzy.gif
Momolbarjo,Nahuuu,../../data/profilePic/66257fee8d2a3_ericRamzy.gif
Momolbarjo,PoliceMAN2,../../data/profilePic/66257fee8d2a3_ericRamzy.gif
Momolbarjo,ilyassGTA6,../../data/profilePic/66257fee8d2a3_ericRamzy.gif
johnHihi,MalikSme,../../data/profilePic/664b958fedd45_johnNidhal.jpg
Tufd123,johnHihi,../../data/profilePic/66379221b2cc0_gE0o5r.gif
Tufd123,Tufd123,../../data/profilePic/66379221b2cc0_gE0o5r.gif
Tufd123,MalikSme,../../data/profilePic/66379221b2cc0_gE0o5r.gif
Tufd123,ilyassGTA6,../../data/profilePic/66379221b2cc0_gE0o5r.gif
Tufd123,Momolbarjo,../../data/profilePic/66379221b2cc0_gE0o5r.gif
johnHihi,johnHihi,../../data/profilePic/664b958fedd45_johnNidhal.jpg
johnHihi,leXav,../../data/profilePic/664b958fedd45_johnNidhal.jpg
PoliceMAN2,johnHihi,../../data/profilePic/662006fe32c47_Capture d’écran (36).png
PoliceMAN2,MalikSme,../../data/profilePic/662006fe32c47_Capture d’écran (36).png
RachisMou,johnHihi,../../data/profilePic/6620503cab795_ericRamzy.gif
johnHihi,ilyassGTA6,../../data/profilePic/664b958fedd45_johnNidhal.jpg
RachisMou,Momolbarjo,../../data/profilePic/6620503cab795_ericRamzy.gif
PoliceMAN2,Nahuuu,../../data/profilePic/662006fe32c47_Capture d’écran (36).png

